Wall time,Step,Value
1539131729.8225126,0,0.053278688341379166
1539131734.0501065,50,0.7131147384643555
1539131738.092735,100,0.813524603843689
1539131743.0949085,150,0.8729507923126221
1539131749.4650412,200,0.8975409865379333
1539131754.9490073,250,0.9077869057655334
1539131760.5458655,300,0.9200819730758667
1539131765.5681572,350,0.9221311211585999
1539131770.0602458,400,0.9241803288459778
1539131776.3208451,450,0.9262295365333557
1539131781.0505283,500,0.9323770403862
1539131785.6299012,550,0.9344262480735779
1539131790.5071278,600,0.936475396156311
1539131795.5163367,650,0.936475396156311
1539131800.4435923,700,0.938524603843689
1539131805.547585,750,0.9405737519264221
1539131810.8327773,800,0.9446721076965332
1539131816.1626127,850,0.9405737519264221
1539131822.0064073,900,0.9426229596138
1539131828.7903929,950,0.9405737519264221
1539131834.8987842,1000,0.9426229596138
1539131841.087247,1050,0.9405737519264221
1539131847.2558832,1100,0.9467213153839111
1539131853.6698747,1150,0.9467213153839111
1539131861.3251896,1200,0.9405737519264221
1539131868.9830587,1250,0.9467213153839111
1539131877.3118937,1300,0.9446721076965332
1539131884.4683437,1350,0.9487704634666443
1539131894.4300234,1400,0.9467213153839111
1539131904.701261,1450,0.9446721076965332
1539131913.8663337,1500,0.9467213153839111
1539131921.3004751,1550,0.9426229596138
1539131931.6693044,1600,0.9426229596138
1539131941.923017,1650,0.9446721076965332
1539131952.1031165,1700,0.9446721076965332
1539131961.9473684,1750,0.9508196711540222
1539131972.0825596,1800,0.9467213153839111
1539131980.700713,1850,0.9467213153839111
1539131989.223958,1900,0.9446721076965332
1539131998.0604067,1950,0.9487704634666443
1539132007.1389976,2000,0.9487704634666443
1539132016.1103718,2050,0.9467213153839111
1539132025.3276327,2100,0.9487704634666443
1539132034.8656285,2150,0.9446721076965332
1539132044.64008,2200,0.9487704634666443
1539132054.374028,2250,0.9528688788414001
1539132064.479083,2300,0.9487704634666443
1539132074.4693465,2350,0.9446721076965332
1539132084.7453892,2400,0.9487704634666443
1539132095.4834652,2450,0.9549180269241333
1539132107.8859026,2499,0.9508196711540222
